[{"model": "orders.order", "pk": 12, "fields": {"user": 3, "created_at": "2025-06-22T12:43:17.845Z", "shipping_address": "123 sample address", "total_price": "1948.00", "status": "pending"}}, {"model": "orders.orderitem", "pk": 13, "fields": {"order": 12, "product": 25, "quantity": 2, "price": "974.00"}}, {"model": "store.category", "pk": 2, "fields": {"name": "Electronics", "slug": "electronics", "created_at": "2025-06-17T09:12:23.917Z"}}, {"model": "store.category", "pk": 3, "fields": {"name": "Books", "slug": "books", "created_at": "2025-06-17T09:12:31.378Z"}}, {"model": "store.category", "pk": 4, "fields": {"name": "Fashion", "slug": "fashion", "created_at": "2025-06-17T09:12:38.300Z"}}, {"model": "store.category", "pk": 6, "fields": {"name": "Home & Kitchen", "slug": "home-kitchen", "created_at": "2025-06-22T09:38:20.695Z"}}, {"model": "store.category", "pk": 7, "fields": {"name": "Beauty & Personal Care", "slug": "beauty-personal-care", "created_at": "2025-06-22T09:38:20.705Z"}}, {"model": "store.category", "pk": 8, "fields": {"name": "Sports & Outdoors", "slug": "sports-outdoors", "created_at": "2025-06-22T09:38:20.725Z"}}, {"model": "store.category", "pk": 9, "fields": {"name": "Toys & Games", "slug": "toys-games", "created_at": "2025-06-22T09:38:20.732Z"}}, {"model": "store.category", "pk": 10, "fields": {"name": "Health & Wellness", "slug": "health-wellness", "created_at": "2025-06-22T09:38:20.738Z"}}, {"model": "store.category", "pk": 11, "fields": {"name": "Grocery & Gourmet Foods", "slug": "grocery-gourmet-foods", "created_at": "2025-06-22T09:38:20.745Z"}}, {"model": "store.category", "pk": 12, "fields": {"name": "Office Supplies", "slug": "office-supplies", "created_at": "2025-06-22T09:38:20.752Z"}}, {"model": "store.category", "pk": 13, "fields": {"name": "Automotive", "slug": "automotive", "created_at": "2025-06-22T09:38:20.757Z"}}, {"model": "store.category", "pk": 14, "fields": {"name": "Jewelry & Accessories", "slug": "jewelry-accessories", "created_at": "2025-06-22T09:38:20.765Z"}}, {"model": "store.category", "pk": 15, "fields": {"name": "Baby Products", "slug": "baby-products", "created_at": "2025-06-22T09:38:20.770Z"}}, {"model": "store.category", "pk": 16, "fields": {"name": "Footwear", "slug": "footwear", "created_at": "2025-06-22T09:38:20.777Z"}}, {"model": "store.category", "pk": 17, "fields": {"name": "Mobile Phones & Accessories", "slug": "mobile-phones-accessories", "created_at": "2025-06-22T09:38:20.784Z"}}, {"model": "store.category", "pk": 18, "fields": {"name": "Furniture", "slug": "furniture", "created_at": "2025-06-22T09:38:20.790Z"}}, {"model": "store.category", "pk": 19, "fields": {"name": "Pet Supplies", "slug": "pet-supplies", "created_at": "2025-06-22T09:38:20.796Z"}}, {"model": "store.category", "pk": 20, "fields": {"name": "Tools & Hardware", "slug": "tools-hardware", "created_at": "2025-06-22T09:38:20.802Z"}}, {"model": "store.category", "pk": 21, "fields": {"name": "Cameras & Photography", "slug": "cameras-photography", "created_at": "2025-06-22T09:38:20.811Z"}}, {"model": "store.category", "pk": 22, "fields": {"name": "Stationery & Craft", "slug": "stationery-craft", "created_at": "2025-06-22T09:38:20.819Z"}}, {"model": "store.product", "pk": 1, "fields": {"name": "Ramsung Galaxy M13", "slug": "ramsung-galaxy-m13", "category": 2, "image": "ramsung_5JVqQ5k.png", "description": "6.6\" FHD+ Display, 6000 mAh battery", "price": 12999, "stock": 10, "available": true, "created_at": "2025-06-17T09:14:12.818Z", "updated_at": "2025-06-17T09:14:12.818Z", "seller": null}}, {"model": "store.product", "pk": 5, "fields": {"name": "Bluetooth Speaker", "slug": "bluetooth-speaker", "category": 2, "image": "bluetooth-speaker_JkZABPO.jpg", "description": "Bluetooth Speaker from our Electronics collection.", "price": 1064, "stock": 86, "available": true, "created_at": "2025-06-22T11:39:59.241Z", "updated_at": "2025-06-22T11:39:59.241Z", "seller": 7}}, {"model": "store.product", "pk": 6, "fields": {"name": "Wireless Earbuds", "slug": "wireless-earbuds", "category": 2, "image": "wireless-earbuds.jpg", "description": "Wireless Earbuds from our Electronics collection.", "price": 201, "stock": 97, "available": true, "created_at": "2025-06-22T11:39:59.268Z", "updated_at": "2025-06-22T11:39:59.268Z", "seller": 6}}, {"model": "store.product", "pk": 7, "fields": {"name": "Smart Watch", "slug": "smart-watch", "category": 2, "image": "smart-watch.jpg", "description": "Smart Watch from our Electronics collection.", "price": 679, "stock": 94, "available": true, "created_at": "2025-06-22T11:39:59.284Z", "updated_at": "2025-06-22T11:39:59.291Z", "seller": 5}}, {"model": "store.product", "pk": 8, "fields": {"name": "USB-C Cable", "slug": "usb-c-cable", "category": 2, "image": "usb-c-cable.jpg", "description": "USB-C Cable from our Electronics collection.", "price": 1745, "stock": 56, "available": true, "created_at": "2025-06-22T11:39:59.304Z", "updated_at": "2025-06-22T11:39:59.304Z", "seller": 5}}, {"model": "store.product", "pk": 9, "fields": {"name": "Men's T-Shirt", "slug": "mens-t-shirt", "category": 4, "image": "mens-t-shirt.jpg", "description": "Men's T-Shirt from our Fashion collection.", "price": 216, "stock": 59, "available": true, "created_at": "2025-06-22T11:39:59.319Z", "updated_at": "2025-06-22T11:39:59.319Z", "seller": 7}}, {"model": "store.product", "pk": 10, "fields": {"name": "Women's Jeans", "slug": "womens-jeans", "category": 4, "image": "womens-jeans.jpg", "description": "Women's Jeans from our Fashion collection.", "price": 1957, "stock": 86, "available": true, "created_at": "2025-06-22T11:39:59.346Z", "updated_at": "2025-06-22T11:39:59.346Z", "seller": 6}}, {"model": "store.product", "pk": 11, "fields": {"name": "Sunglasses", "slug": "sunglasses", "category": 4, "image": "sunglasses.jpg", "description": "Sunglasses from our Fashion collection.", "price": 1579, "stock": 70, "available": true, "created_at": "2025-06-22T11:39:59.371Z", "updated_at": "2025-06-22T11:39:59.371Z", "seller": 7}}, {"model": "store.product", "pk": 12, "fields": {"name": "Leather Belt", "slug": "leather-belt", "category": 4, "image": "leather-belt.jpg", "description": "Leather Belt from our Fashion collection.", "price": 1199, "stock": 26, "available": true, "created_at": "2025-06-22T11:39:59.391Z", "updated_at": "2025-06-22T11:39:59.391Z", "seller": 5}}, {"model": "store.product", "pk": 13, "fields": {"name": "Air Fryer", "slug": "air-fryer", "category": 6, "image": "air-fryer.jpg", "description": "Air Fryer from our Home & Kitchen collection.", "price": 802, "stock": 52, "available": true, "created_at": "2025-06-22T11:39:59.412Z", "updated_at": "2025-06-22T11:39:59.412Z", "seller": 7}}, {"model": "store.product", "pk": 14, "fields": {"name": "Spice Rack", "slug": "spice-rack", "category": 6, "image": "spice-rack.jpg", "description": "Spice Rack from our Home & Kitchen collection.", "price": 772, "stock": 13, "available": true, "created_at": "2025-06-22T11:39:59.428Z", "updated_at": "2025-06-22T11:39:59.428Z", "seller": 7}}, {"model": "store.product", "pk": 15, "fields": {"name": "Nonstick Pan", "slug": "nonstick-pan", "category": 6, "image": "nonstick-pan.jpg", "description": "Nonstick Pan from our Home & Kitchen collection.", "price": 663, "stock": 61, "available": true, "created_at": "2025-06-22T11:39:59.443Z", "updated_at": "2025-06-22T11:39:59.443Z", "seller": 7}}, {"model": "store.product", "pk": 16, "fields": {"name": "Cushion Covers", "slug": "cushion-covers", "category": 6, "image": "cushion-covers.jpg", "description": "Cushion Covers from our Home & Kitchen collection.", "price": 463, "stock": 94, "available": true, "created_at": "2025-06-22T11:39:59.466Z", "updated_at": "2025-06-22T11:39:59.466Z", "seller": 6}}, {"model": "store.product", "pk": 17, "fields": {"name": "Face Serum", "slug": "face-serum", "category": 7, "image": "face-serum.jpg", "description": "Face Serum from our Beauty & Personal Care collection.", "price": 1355, "stock": 60, "available": true, "created_at": "2025-06-22T11:39:59.495Z", "updated_at": "2025-06-22T11:39:59.495Z", "seller": 5}}, {"model": "store.product", "pk": 18, "fields": {"name": "Lipstick", "slug": "lipstick", "category": 7, "image": "lipstick.jpg", "description": "Lipstick from our Beauty & Personal Care collection.", "price": 1515, "stock": 83, "available": true, "created_at": "2025-06-22T11:39:59.506Z", "updated_at": "2025-06-22T11:39:59.506Z", "seller": 5}}, {"model": "store.product", "pk": 19, "fields": {"name": "Body Lotion", "slug": "body-lotion", "category": 7, "image": "body-lotion.jpg", "description": "Body Lotion from our Beauty & Personal Care collection.", "price": 308, "stock": 35, "available": true, "created_at": "2025-06-22T11:39:59.528Z", "updated_at": "2025-06-22T11:39:59.528Z", "seller": 6}}, {"model": "store.product", "pk": 20, "fields": {"name": "Hair Oil", "slug": "hair-oil", "category": 7, "image": "hair-oil.jpg", "description": "Hair Oil from our Beauty & Personal Care collection.", "price": 1651, "stock": 77, "available": true, "created_at": "2025-06-22T11:39:59.584Z", "updated_at": "2025-06-22T11:39:59.584Z", "seller": 5}}, {"model": "store.product", "pk": 21, "fields": {"name": "Yoga Mat", "slug": "yoga-mat", "category": 8, "image": "yoga-mat.jpg", "description": "Yoga Mat from our Sports & Outdoors collection.", "price": 274, "stock": 46, "available": true, "created_at": "2025-06-22T11:39:59.616Z", "updated_at": "2025-06-22T11:39:59.616Z", "seller": 5}}, {"model": "store.product", "pk": 22, "fields": {"name": "Dumbbells", "slug": "dumbbells", "category": 8, "image": "dumbbells.jpg", "description": "Dumbbells from our Sports & Outdoors collection.", "price": 1107, "stock": 34, "available": true, "created_at": "2025-06-22T11:39:59.642Z", "updated_at": "2025-06-22T11:39:59.642Z", "seller": 6}}, {"model": "store.product", "pk": 23, "fields": {"name": "Skipping Rope", "slug": "skipping-rope", "category": 8, "image": "skipping-rope.jpg", "description": "Skipping Rope from our Sports & Outdoors collection.", "price": 1772, "stock": 41, "available": true, "created_at": "2025-06-22T11:39:59.664Z", "updated_at": "2025-06-22T11:39:59.664Z", "seller": 7}}, {"model": "store.product", "pk": 24, "fields": {"name": "Trekking Bag", "slug": "trekking-bag", "category": 8, "image": "trekking-bag.jpg", "description": "Trekking Bag from our Sports & Outdoors collection.", "price": 444, "stock": 25, "available": true, "created_at": "2025-06-22T11:39:59.679Z", "updated_at": "2025-06-22T11:39:59.679Z", "seller": 5}}, {"model": "store.product", "pk": 25, "fields": {"name": "Fiction Novel", "slug": "fiction-novel", "category": 3, "image": "fiction-novel.jpg", "description": "Fiction Novel from our Books collection.", "price": 974, "stock": 19, "available": true, "created_at": "2025-06-22T11:39:59.707Z", "updated_at": "2025-06-22T11:39:59.707Z", "seller": 5}}, {"model": "store.product", "pk": 26, "fields": {"name": "Self-Help Book", "slug": "self-help-book", "category": 3, "image": "self-help-book.jpg", "description": "Self-Help Book from our Books collection.", "price": 466, "stock": 48, "available": true, "created_at": "2025-06-22T11:39:59.729Z", "updated_at": "2025-06-22T11:39:59.729Z", "seller": 5}}, {"model": "store.product", "pk": 27, "fields": {"name": "Science Encyclopedia", "slug": "science-encyclopedia", "category": 3, "image": "science-encyclopedia.jpg", "description": "Science Encyclopedia from our Books collection.", "price": 1244, "stock": 24, "available": true, "created_at": "2025-06-22T11:39:59.744Z", "updated_at": "2025-06-22T11:39:59.744Z", "seller": 6}}, {"model": "store.product", "pk": 28, "fields": {"name": "Notebook Set", "slug": "notebook-set", "category": 3, "image": "notebook-set.jpg", "description": "Notebook Set from our Books collection.", "price": 1545, "stock": 100, "available": true, "created_at": "2025-06-22T11:39:59.765Z", "updated_at": "2025-06-22T11:39:59.765Z", "seller": 7}}, {"model": "store.product", "pk": 29, "fields": {"name": "Lego Set", "slug": "lego-set", "category": 9, "image": "lego-set.jpg", "description": "Lego Set from our Toys & Games collection.", "price": 787, "stock": 94, "available": true, "created_at": "2025-06-22T11:39:59.775Z", "updated_at": "2025-06-22T11:39:59.775Z", "seller": 7}}, {"model": "store.product", "pk": 30, "fields": {"name": "Rubik's Cube", "slug": "rubiks-cube", "category": 9, "image": "rubiks-cube.jpg", "description": "Rubik's Cube from our Toys & Games collection.", "price": 1292, "stock": 80, "available": true, "created_at": "2025-06-22T11:39:59.805Z", "updated_at": "2025-06-22T11:39:59.805Z", "seller": 6}}, {"model": "store.product", "pk": 31, "fields": {"name": "Puzzle Board", "slug": "puzzle-board", "category": 9, "image": "puzzle-board.jpg", "description": "Puzzle Board from our Toys & Games collection.", "price": 654, "stock": 43, "available": true, "created_at": "2025-06-22T11:39:59.826Z", "updated_at": "2025-06-22T11:39:59.826Z", "seller": 5}}, {"model": "store.product", "pk": 32, "fields": {"name": "Remote Car", "slug": "remote-car", "category": 9, "image": "remote-car.jpg", "description": "Remote Car from our Toys & Games collection.", "price": 949, "stock": 29, "available": true, "created_at": "2025-06-22T11:39:59.846Z", "updated_at": "2025-06-22T11:39:59.846Z", "seller": 7}}, {"model": "store.product", "pk": 33, "fields": {"name": "Yoga Strap", "slug": "yoga-strap", "category": 10, "image": "yoga-strap.jpg", "description": "Yoga Strap from our Health & Wellness collection.", "price": 1831, "stock": 35, "available": true, "created_at": "2025-06-22T11:39:59.868Z", "updated_at": "2025-06-22T11:39:59.868Z", "seller": 5}}, {"model": "store.product", "pk": 34, "fields": {"name": "Protein Powder", "slug": "protein-powder", "category": 10, "image": "protein-powder.jpg", "description": "Protein Powder from our Health & Wellness collection.", "price": 891, "stock": 10, "available": true, "created_at": "2025-06-22T11:39:59.888Z", "updated_at": "2025-06-22T11:39:59.888Z", "seller": 7}}, {"model": "store.product", "pk": 35, "fields": {"name": "Essential Oils", "slug": "essential-oils", "category": 10, "image": "essential-oils.jpg", "description": "Essential Oils from our Health & Wellness collection.", "price": 659, "stock": 97, "available": true, "created_at": "2025-06-22T11:39:59.903Z", "updated_at": "2025-06-22T11:39:59.903Z", "seller": 5}}, {"model": "store.product", "pk": 36, "fields": {"name": "Almonds Pack", "slug": "almonds-pack", "category": 11, "image": "almonds-pack.jpg", "description": "Almonds Pack from our Grocery & Gourmet Foods collection.", "price": 720, "stock": 88, "available": true, "created_at": "2025-06-22T11:39:59.919Z", "updated_at": "2025-06-22T11:39:59.919Z", "seller": 7}}, {"model": "store.product", "pk": 37, "fields": {"name": "Olive Oil", "slug": "olive-oil", "category": 11, "image": "olive-oil.jpg", "description": "Olive Oil from our Grocery & Gourmet Foods collection.", "price": 1643, "stock": 22, "available": true, "created_at": "2025-06-22T11:39:59.947Z", "updated_at": "2025-06-22T11:39:59.947Z", "seller": 7}}, {"model": "store.product", "pk": 38, "fields": {"name": "Herbal Tea", "slug": "herbal-tea", "category": 11, "image": "herbal-tea.jpg", "description": "Herbal Tea from our Grocery & Gourmet Foods collection.", "price": 1177, "stock": 47, "available": true, "created_at": "2025-06-22T11:39:59.970Z", "updated_at": "2025-06-22T11:39:59.970Z", "seller": 5}}, {"model": "store.product", "pk": 39, "fields": {"name": "Chocolate Spread", "slug": "chocolate-spread", "category": 11, "image": "chocolate-spread.jpg", "description": "Chocolate Spread from our Grocery & Gourmet Foods collection.", "price": 639, "stock": 14, "available": true, "created_at": "2025-06-22T11:39:59.988Z", "updated_at": "2025-06-22T11:39:59.988Z", "seller": 6}}, {"model": "store.product", "pk": 40, "fields": {"name": "Ball Pens", "slug": "ball-pens", "category": 12, "image": "ball-pens.jpg", "description": "Ball Pens from our Office Supplies collection.", "price": 1976, "stock": 100, "available": true, "created_at": "2025-06-22T11:40:00.011Z", "updated_at": "2025-06-22T11:40:00.011Z", "seller": 6}}, {"model": "store.product", "pk": 41, "fields": {"name": "Sticky Notes", "slug": "sticky-notes", "category": 12, "image": "sticky-notes.jpg", "description": "Sticky Notes from our Office Supplies collection.", "price": 508, "stock": 71, "available": true, "created_at": "2025-06-22T11:40:00.034Z", "updated_at": "2025-06-22T11:40:00.034Z", "seller": 7}}, {"model": "store.product", "pk": 42, "fields": {"name": "File Folders", "slug": "file-folders", "category": 12, "image": "file-folders.jpg", "description": "File Folders from our Office Supplies collection.", "price": 772, "stock": 99, "available": true, "created_at": "2025-06-22T11:40:00.043Z", "updated_at": "2025-06-22T11:40:00.043Z", "seller": 7}}, {"model": "store.product", "pk": 43, "fields": {"name": "Stapler Set", "slug": "stapler-set", "category": 12, "image": "stapler-set.jpg", "description": "Stapler Set from our Office Supplies collection.", "price": 1755, "stock": 72, "available": true, "created_at": "2025-06-22T11:40:00.073Z", "updated_at": "2025-06-22T11:40:00.073Z", "seller": 5}}, {"model": "store.product", "pk": 44, "fields": {"name": "Car Air Freshener", "slug": "car-air-freshener", "category": 13, "image": "car-air-freshener.jpg", "description": "Car Air Freshener from our Automotive collection.", "price": 782, "stock": 87, "available": true, "created_at": "2025-06-22T11:40:00.093Z", "updated_at": "2025-06-22T11:40:00.093Z", "seller": 5}}, {"model": "store.product", "pk": 45, "fields": {"name": "Car Charger", "slug": "car-charger", "category": 13, "image": "car-charger.jpg", "description": "Car Charger from our Automotive collection.", "price": 476, "stock": 67, "available": true, "created_at": "2025-06-22T11:40:00.106Z", "updated_at": "2025-06-22T11:40:00.106Z", "seller": 7}}, {"model": "store.product", "pk": 46, "fields": {"name": "Seat Cover", "slug": "seat-cover", "category": 13, "image": "seat-cover.jpg", "description": "Seat Cover from our Automotive collection.", "price": 1342, "stock": 85, "available": true, "created_at": "2025-06-22T11:40:00.127Z", "updated_at": "2025-06-22T11:40:00.127Z", "seller": 6}}, {"model": "store.product", "pk": 47, "fields": {"name": "Tyre Pressure Gauge", "slug": "tyre-pressure-gauge", "category": 13, "image": "tyre-pressure-gauge.jpg", "description": "Tyre Pressure Gauge from our Automotive collection.", "price": 999, "stock": 82, "available": true, "created_at": "2025-06-22T11:40:00.154Z", "updated_at": "2025-06-22T11:40:00.154Z", "seller": 7}}, {"model": "store.product", "pk": 48, "fields": {"name": "Stud Earrings", "slug": "stud-earrings", "category": 14, "image": "stud-earrings.jpg", "description": "Stud Earrings from our Jewelry & Accessories collection.", "price": 541, "stock": 16, "available": true, "created_at": "2025-06-22T11:40:00.170Z", "updated_at": "2025-06-22T11:40:00.170Z", "seller": 6}}, {"model": "store.product", "pk": 49, "fields": {"name": "Charm Bracelet", "slug": "charm-bracelet", "category": 14, "image": "charm-bracelet.jpg", "description": "Charm Bracelet from our Jewelry & Accessories collection.", "price": 1423, "stock": 94, "available": true, "created_at": "2025-06-22T11:40:00.194Z", "updated_at": "2025-06-22T11:40:00.194Z", "seller": 6}}, {"model": "store.product", "pk": 50, "fields": {"name": "Gold Ring", "slug": "gold-ring", "category": 14, "image": "gold-ring.jpg", "description": "Gold Ring from our Jewelry & Accessories collection.", "price": 1681, "stock": 31, "available": true, "created_at": "2025-06-22T11:40:00.205Z", "updated_at": "2025-06-22T11:40:00.205Z", "seller": 5}}, {"model": "store.product", "pk": 51, "fields": {"name": "Wrist Watch", "slug": "wrist-watch", "category": 14, "image": "wrist-watch.jpg", "description": "Wrist Watch from our Jewelry & Accessories collection.", "price": 1741, "stock": 96, "available": true, "created_at": "2025-06-22T11:40:00.222Z", "updated_at": "2025-06-22T11:40:00.222Z", "seller": 7}}, {"model": "store.product", "pk": 52, "fields": {"name": "Baby Wipes", "slug": "baby-wipes", "category": 15, "image": "baby-wipes.jpg", "description": "Baby Wipes from our Baby Products collection.", "price": 1948, "stock": 93, "available": true, "created_at": "2025-06-22T11:40:00.250Z", "updated_at": "2025-06-22T11:40:00.250Z", "seller": 5}}, {"model": "store.product", "pk": 53, "fields": {"name": "Baby Lotion", "slug": "baby-lotion", "category": 15, "image": "baby-lotion.jpg", "description": "Baby Lotion from our Baby Products collection.", "price": 1816, "stock": 38, "available": true, "created_at": "2025-06-22T11:40:00.266Z", "updated_at": "2025-06-22T11:40:00.266Z", "seller": 5}}, {"model": "store.product", "pk": 54, "fields": {"name": "Pacifier Set", "slug": "pacifier-set", "category": 15, "image": "pacifier-set.jpg", "description": "Pacifier Set from our Baby Products collection.", "price": 1311, "stock": 40, "available": true, "created_at": "2025-06-22T11:40:00.281Z", "updated_at": "2025-06-22T11:40:00.281Z", "seller": 5}}, {"model": "store.product", "pk": 55, "fields": {"name": "Teething Ring", "slug": "teething-ring", "category": 15, "image": "teething-ring.jpg", "description": "Teething Ring from our Baby Products collection.", "price": 509, "stock": 65, "available": true, "created_at": "2025-06-22T11:40:00.297Z", "updated_at": "2025-06-22T11:40:00.297Z", "seller": 7}}, {"model": "store.product", "pk": 56, "fields": {"name": "Running Shoes", "slug": "running-shoes", "category": 16, "image": "running-shoes.jpg", "description": "Running Shoes from our Footwear collection.", "price": 819, "stock": 57, "available": true, "created_at": "2025-06-22T11:40:00.312Z", "updated_at": "2025-06-22T11:40:00.312Z", "seller": 5}}, {"model": "store.product", "pk": 57, "fields": {"name": "Sandals", "slug": "sandals", "category": 16, "image": "sandals.jpg", "description": "Sandals from our Footwear collection.", "price": 767, "stock": 95, "available": true, "created_at": "2025-06-22T11:40:00.330Z", "updated_at": "2025-06-22T11:40:00.330Z", "seller": 6}}, {"model": "store.product", "pk": 58, "fields": {"name": "Boots", "slug": "boots", "category": 16, "image": "boots.jpg", "description": "Boots from our Footwear collection.", "price": 1020, "stock": 93, "available": true, "created_at": "2025-06-22T11:40:00.360Z", "updated_at": "2025-06-22T11:40:00.360Z", "seller": 7}}, {"model": "store.product", "pk": 59, "fields": {"name": "Loafers", "slug": "loafers", "category": 16, "image": "loafers.jpg", "description": "Loafers from our Footwear collection.", "price": 1142, "stock": 52, "available": true, "created_at": "2025-06-22T11:40:00.379Z", "updated_at": "2025-06-22T11:40:00.379Z", "seller": 6}}, {"model": "store.product", "pk": 60, "fields": {"name": "Phone Case", "slug": "phone-case", "category": 17, "image": "phone-case.jpg", "description": "Phone Case from our Mobile Phones & Accessories collection.", "price": 557, "stock": 29, "available": true, "created_at": "2025-06-22T11:40:00.392Z", "updated_at": "2025-06-22T11:40:00.392Z", "seller": 7}}, {"model": "store.product", "pk": 61, "fields": {"name": "Pop Socket", "slug": "pop-socket", "category": 17, "image": "pop-socket.jpg", "description": "Pop Socket from our Mobile Phones & Accessories collection.", "price": 920, "stock": 42, "available": true, "created_at": "2025-06-22T11:40:00.407Z", "updated_at": "2025-06-22T11:40:00.407Z", "seller": 6}}, {"model": "store.product", "pk": 62, "fields": {"name": "Screen Guard", "slug": "screen-guard", "category": 17, "image": "screen-guard.jpg", "description": "Screen Guard from our Mobile Phones & Accessories collection.", "price": 1823, "stock": 26, "available": true, "created_at": "2025-06-22T11:40:00.429Z", "updated_at": "2025-06-22T11:40:00.429Z", "seller": 6}}, {"model": "store.product", "pk": 63, "fields": {"name": "Car Mount", "slug": "car-mount", "category": 17, "image": "car-mount.jpg", "description": "Car Mount from our Mobile Phones & Accessories collection.", "price": 1683, "stock": 65, "available": true, "created_at": "2025-06-22T11:40:00.442Z", "updated_at": "2025-06-22T11:40:00.442Z", "seller": 6}}, {"model": "store.product", "pk": 64, "fields": {"name": "Study Table", "slug": "study-table", "category": 18, "image": "study-table.jpg", "description": "Study Table from our Furniture collection.", "price": 394, "stock": 83, "available": true, "created_at": "2025-06-22T11:40:00.458Z", "updated_at": "2025-06-22T11:40:00.458Z", "seller": 7}}, {"model": "store.product", "pk": 65, "fields": {"name": "Shoe Rack", "slug": "shoe-rack", "category": 18, "image": "shoe-rack.jpg", "description": "Shoe Rack from our Furniture collection.", "price": 1466, "stock": 46, "available": true, "created_at": "2025-06-22T11:40:00.486Z", "updated_at": "2025-06-22T11:40:00.486Z", "seller": 7}}, {"model": "store.product", "pk": 66, "fields": {"name": "Bean Bag", "slug": "bean-bag", "category": 18, "image": "bean-bag.jpg", "description": "Bean Bag from our Furniture collection.", "price": 235, "stock": 87, "available": true, "created_at": "2025-06-22T11:40:00.502Z", "updated_at": "2025-06-22T11:40:00.502Z", "seller": 7}}, {"model": "store.product", "pk": 67, "fields": {"name": "Wooden Chair", "slug": "wooden-chair", "category": 18, "image": "wooden-chair.jpg", "description": "Wooden Chair from our Furniture collection.", "price": 1822, "stock": 14, "available": true, "created_at": "2025-06-22T11:40:00.518Z", "updated_at": "2025-06-22T11:40:00.518Z", "seller": 6}}, {"model": "store.product", "pk": 68, "fields": {"name": "Dog Food", "slug": "dog-food", "category": 19, "image": "dog-food.jpg", "description": "Dog Food from our Pet Supplies collection.", "price": 972, "stock": 76, "available": true, "created_at": "2025-06-22T11:40:00.550Z", "updated_at": "2025-06-22T11:40:00.550Z", "seller": 7}}, {"model": "store.product", "pk": 69, "fields": {"name": "Cat Toy", "slug": "cat-toy", "category": 19, "image": "cat-toy.jpg", "description": "Cat Toy from our Pet Supplies collection.", "price": 755, "stock": 45, "available": true, "created_at": "2025-06-22T11:40:00.565Z", "updated_at": "2025-06-22T11:40:00.565Z", "seller": 5}}, {"model": "store.product", "pk": 70, "fields": {"name": "Pet Shampoo", "slug": "pet-shampoo", "category": 19, "image": "pet-shampoo.jpg", "description": "Pet Shampoo from our Pet Supplies collection.", "price": 1297, "stock": 79, "available": true, "created_at": "2025-06-22T11:40:00.581Z", "updated_at": "2025-06-22T11:40:00.581Z", "seller": 5}}, {"model": "store.product", "pk": 71, "fields": {"name": "Feeding Bowl", "slug": "feeding-bowl", "category": 19, "image": "feeding-bowl.jpg", "description": "Feeding Bowl from our Pet Supplies collection.", "price": 1327, "stock": 42, "available": true, "created_at": "2025-06-22T11:40:00.612Z", "updated_at": "2025-06-22T11:40:00.612Z", "seller": 5}}, {"model": "store.product", "pk": 72, "fields": {"name": "Hammer Set", "slug": "hammer-set", "category": 20, "image": "hammer-set.jpg", "description": "Hammer Set from our Tools & Hardware collection.", "price": 731, "stock": 13, "available": true, "created_at": "2025-06-22T11:40:00.628Z", "updated_at": "2025-06-22T11:40:00.628Z", "seller": 5}}, {"model": "store.product", "pk": 73, "fields": {"name": "Screwdriver Kit", "slug": "screwdriver-kit", "category": 20, "image": "screwdriver-kit.jpg", "description": "Screwdriver Kit from our Tools & Hardware collection.", "price": 1112, "stock": 45, "available": true, "created_at": "2025-06-22T11:40:00.653Z", "updated_at": "2025-06-22T11:40:00.653Z", "seller": 5}}, {"model": "store.product", "pk": 74, "fields": {"name": "Measuring Tape", "slug": "measuring-tape", "category": 20, "image": "measuring-tape.jpg", "description": "Measuring Tape from our Tools & Hardware collection.", "price": 827, "stock": 50, "available": true, "created_at": "2025-06-22T11:40:00.677Z", "updated_at": "2025-06-22T11:40:00.677Z", "seller": 6}}, {"model": "store.product", "pk": 75, "fields": {"name": "Wrench Set", "slug": "wrench-set", "category": 20, "image": "wrench-set.jpg", "description": "Wrench Set from our Tools & Hardware collection.", "price": 1823, "stock": 43, "available": true, "created_at": "2025-06-22T11:40:00.693Z", "updated_at": "2025-06-22T11:40:00.693Z", "seller": 6}}, {"model": "store.product", "pk": 76, "fields": {"name": "Tripod Stand", "slug": "tripod-stand", "category": 21, "image": "tripod-stand.jpg", "description": "Tripod Stand from our Cameras & Photography collection.", "price": 910, "stock": 38, "available": true, "created_at": "2025-06-22T11:40:00.709Z", "updated_at": "2025-06-22T11:40:00.709Z", "seller": 7}}, {"model": "store.product", "pk": 77, "fields": {"name": "Camera Strap", "slug": "camera-strap", "category": 21, "image": "camera-strap.jpg", "description": "Camera Strap from our Cameras & Photography collection.", "price": 1856, "stock": 52, "available": true, "created_at": "2025-06-22T11:40:00.724Z", "updated_at": "2025-06-22T11:40:00.724Z", "seller": 7}}, {"model": "store.product", "pk": 78, "fields": {"name": "Memory Card", "slug": "memory-card", "category": 21, "image": "memory-card.jpg", "description": "Memory Card from our Cameras & Photography collection.", "price": 753, "stock": 12, "available": true, "created_at": "2025-06-22T11:40:00.743Z", "updated_at": "2025-06-22T11:40:00.743Z", "seller": 7}}, {"model": "store.product", "pk": 79, "fields": {"name": "Lens Cleaner", "slug": "lens-cleaner", "category": 21, "image": "lens-cleaner.jpg", "description": "Lens Cleaner from our Cameras & Photography collection.", "price": 907, "stock": 15, "available": true, "created_at": "2025-06-22T11:40:00.759Z", "updated_at": "2025-06-22T11:40:00.759Z", "seller": 6}}, {"model": "store.product", "pk": 80, "fields": {"name": "Sketch Pens", "slug": "sketch-pens", "category": 22, "image": "sketch-pens.jpg", "description": "Sketch Pens from our Stationery & Craft collection.", "price": 1353, "stock": 58, "available": true, "created_at": "2025-06-22T11:40:00.786Z", "updated_at": "2025-06-22T11:40:00.786Z", "seller": 6}}, {"model": "store.product", "pk": 81, "fields": {"name": "Watercolors", "slug": "watercolors", "category": 22, "image": "watercolors.jpg", "description": "Watercolors from our Stationery & Craft collection.", "price": 1611, "stock": 33, "available": true, "created_at": "2025-06-22T11:40:00.790Z", "updated_at": "2025-06-22T11:40:00.790Z", "seller": 7}}, {"model": "store.product", "pk": 82, "fields": {"name": "Drawing Book", "slug": "drawing-book", "category": 22, "image": "drawing-book.jpg", "description": "Drawing Book from our Stationery & Craft collection.", "price": 1119, "stock": 23, "available": true, "created_at": "2025-06-22T11:40:00.810Z", "updated_at": "2025-06-22T11:40:00.810Z", "seller": 5}}, {"model": "store.product", "pk": 83, "fields": {"name": "Craft Paper", "slug": "craft-paper", "category": 22, "image": "craft-paper.jpg", "description": "Craft Paper from our Stationery & Craft collection.", "price": 723, "stock": 75, "available": true, "created_at": "2025-06-22T11:40:00.822Z", "updated_at": "2025-06-22T11:40:00.822Z", "seller": 6}}, {"model": "cart.cart", "pk": 1, "fields": {"user": 1, "session_key": null, "created_at": "2025-06-17T11:38:33.598Z"}}, {"model": "cart.cart", "pk": 9, "fields": {"user": null, "session_key": "e1azljyj2vjd522htlxl0lpuml0fhd24", "created_at": "2025-06-21T09:27:48.418Z"}}, {"model": "cart.cart", "pk": 10, "fields": {"user": null, "session_key": "36qwlh3garwriz75tu683x5mcm8i8c9c", "created_at": "2025-06-21T12:34:35.842Z"}}, {"model": "cart.cart", "pk": 11, "fields": {"user": null, "session_key": "sf9banv6y81sba7bdpq7srr5hgdbayf9", "created_at": "2025-06-21T12:35:31.855Z"}}, {"model": "cart.cart", "pk": 12, "fields": {"user": null, "session_key": "z073t70hcou9dut3p3ctxgq63w1nkfiv", "created_at": "2025-06-21T12:43:01.932Z"}}, {"model": "cart.cart", "pk": 13, "fields": {"user": null, "session_key": "4y7jh80hckmrnv3inr2u31wrpi50ix93", "created_at": "2025-06-21T12:57:13.100Z"}}, {"model": "cart.cart", "pk": 14, "fields": {"user": null, "session_key": "tcskr6ybrep0eetrt3th5ihys649x7dh", "created_at": "2025-06-21T13:09:55.061Z"}}, {"model": "cart.cartitem", "pk": 11, "fields": {"cart": 9, "product": 1, "quantity": 1, "added_at": "2025-06-21T11:22:12.833Z"}}, {"model": "cart.cartitem", "pk": 13, "fields": {"cart": 11, "product": 1, "quantity": 1, "added_at": "2025-06-21T12:35:31.863Z"}}, {"model": "cart.cartitem", "pk": 14, "fields": {"cart": 12, "product": 1, "quantity": 1, "added_at": "2025-06-21T12:43:01.939Z"}}, {"model": "cart.cartitem", "pk": 15, "fields": {"cart": 13, "product": 1, "quantity": 1, "added_at": "2025-06-21T12:57:13.106Z"}}, {"model": "accounts.user", "pk": 1, "fields": {"password": "pbkdf2_sha256$1000000$EZzTa2jV1p0DVRd1VLd3CC$kyPB7canmm+e5d20T2bS/InvzUIx2/J528nzLC9mcY4=", "last_login": "2025-06-22T11:45:04.728Z", "is_superuser": true, "username": "ruhaan", "first_name": "", "last_name": "", "is_staff": true, "is_active": true, "date_joined": "2025-06-17T08:43:19.068Z", "email": "ruhaan@admin.com", "phone_number": "0", "role": "customer", "groups": [], "user_permissions": []}}, {"model": "accounts.user", "pk": 2, "fields": {"password": "pbkdf2_sha256$1000000$Ycd8LtXHvRJrKtn2Hrhfef$rK2xJjx87NchIJLYXDuMKnhiEaKVq4t4mwPiR8bMX1c=", "last_login": null, "is_superuser": false, "username": "john_doe", "first_name": "", "last_name": "", "is_staff": false, "is_active": true, "date_joined": "2025-06-17T09:34:20.362Z", "email": "john@example.com", "phone_number": "1234567890", "role": "customer", "groups": [], "user_permissions": []}}, {"model": "accounts.user", "pk": 3, "fields": {"password": "pbkdf2_sha256$1000000$MYryrj2CVW1tBXeX1Mvnnb$tu1NXprFDQ2eAtwVUzA/WoBr2ZDaIekVR6O+YFPVJwI=", "last_login": "2025-06-22T12:42:42.055Z", "is_superuser": false, "username": "omkar", "first_name": "", "last_name": "", "is_staff": false, "is_active": true, "date_joined": "2025-06-17T12:18:13.895Z", "email": "omkar@jadhav.com", "phone_number": "8369094724", "role": "customer", "groups": [], "user_permissions": []}}, {"model": "accounts.user", "pk": 4, "fields": {"password": "pbkdf2_sha256$1000000$SNs1Fd8XcUX9ZxDUYKjAvS$ficNCKStoHgW3+Bcu8iiNrj2G5j3fF8JwX2iPwaaFiI=", "last_login": "2025-06-17T12:28:23.922Z", "is_superuser": false, "username": "omkars", "first_name": "", "last_name": "", "is_staff": false, "is_active": true, "date_joined": "2025-06-17T12:28:22.663Z", "email": "o@o.com", "phone_number": "99", "role": "customer", "groups": [], "user_permissions": []}}, {"model": "accounts.user", "pk": 5, "fields": {"password": "pbkdf2_sha256$1000000$vAgc1fmSprRW0cuVz67DDi$XwAksiJZZCHa+U3Ua4DbSgQBTtB0dCGWBmoe/FAUQoQ=", "last_login": "2025-06-22T12:43:52.872Z", "is_superuser": false, "username": "rohit", "first_name": "", "last_name": "", "is_staff": false, "is_active": true, "date_joined": "2025-06-19T07:23:32.578Z", "email": "rohit@rohit.com", "phone_number": "33", "role": "seller", "groups": [], "user_permissions": []}}, {"model": "accounts.user", "pk": 6, "fields": {"password": "pbkdf2_sha256$1000000$bY0jM6J1PbJqxsuhn1tc8W$yX0gr/Ugn1zN2LFD1eqSTELWRQj9xiA4HgRtvrRW/Ck=", "last_login": "2025-06-22T10:29:29.308Z", "is_superuser": false, "username": "neha", "first_name": "", "last_name": "", "is_staff": false, "is_active": true, "date_joined": "2025-06-22T10:29:27.796Z", "email": "neha@gmail.com", "phone_number": "8898102559", "role": "seller", "groups": [], "user_permissions": []}}, {"model": "accounts.user", "pk": 7, "fields": {"password": "pbkdf2_sha256$1000000$GPRQHFXs5IpNyYjJOVW5J8$Qj6wZpxqIpSvp6dUWB50vL+Sn6aN3M808zCGyNEvjXY=", "last_login": "2025-06-22T10:30:04.675Z", "is_superuser": false, "username": "aman", "first_name": "", "last_name": "", "is_staff": false, "is_active": true, "date_joined": "2025-06-22T10:30:03.077Z", "email": "aman@gmail.com", "phone_number": "7788995566", "role": "customer", "groups": [], "user_permissions": []}}, {"model": "accounts.userprofile", "pk": 1, "fields": {"user": 2, "profile_img": "", "full_name": "", "gender": "", "address": null}}, {"model": "accounts.userprofile", "pk": 2, "fields": {"user": 3, "profile_img": "", "full_name": "", "gender": "", "address": null}}, {"model": "accounts.userprofile", "pk": 3, "fields": {"user": 4, "profile_img": "", "full_name": "", "gender": "", "address": null}}, {"model": "accounts.userprofile", "pk": 4, "fields": {"user": 5, "profile_img": "users/25_Genius_Apartment_Balcony_Decorating_Ideas_for_a_Cozy_Retreat.jpg", "full_name": "Rohit", "gender": "Male", "address": "gvvwt6fgtw"}}, {"model": "accounts.userprofile", "pk": 5, "fields": {"user": 6, "profile_img": "", "full_name": "", "gender": "", "address": null}}, {"model": "accounts.userprofile", "pk": 6, "fields": {"user": 7, "profile_img": "", "full_name": "", "gender": "", "address": null}}, {"model": "admin.logentry", "pk": 1, "fields": {"action_time": "2025-06-17T09:12:17.278Z", "user": 1, "content_type": 1, "object_id": "1", "object_repr": "Clothing", "action_flag": 1, "change_message": "[{\"added\": {}}]"}}, {"model": "admin.logentry", "pk": 2, "fields": {"action_time": "2025-06-17T09:12:23.918Z", "user": 1, "content_type": 1, "object_id": "2", "object_repr": "Electronics", "action_flag": 1, "change_message": "[{\"added\": {}}]"}}, {"model": "admin.logentry", "pk": 3, "fields": {"action_time": "2025-06-17T09:12:31.381Z", "user": 1, "content_type": 1, "object_id": "3", "object_repr": "Books", "action_flag": 1, "change_message": "[{\"added\": {}}]"}}, {"model": "admin.logentry", "pk": 4, "fields": {"action_time": "2025-06-17T09:12:38.304Z", "user": 1, "content_type": 1, "object_id": "4", "object_repr": "Fashion", "action_flag": 1, "change_message": "[{\"added\": {}}]"}}, {"model": "admin.logentry", "pk": 5, "fields": {"action_time": "2025-06-17T09:12:48.159Z", "user": 1, "content_type": 1, "object_id": "5", "object_repr": "Home & Living", "action_flag": 1, "change_message": "[{\"added\": {}}]"}}, {"model": "admin.logentry", "pk": 6, "fields": {"action_time": "2025-06-17T09:14:12.819Z", "user": 1, "content_type": 2, "object_id": "1", "object_repr": "Ramsung Galaxy M13", "action_flag": 1, "change_message": "[{\"added\": {}}]"}}, {"model": "admin.logentry", "pk": 7, "fields": {"action_time": "2025-06-17T09:15:04.105Z", "user": 1, "content_type": 2, "object_id": "2", "object_repr": "Oversized T-Shirt", "action_flag": 1, "change_message": "[{\"added\": {}}]"}}, {"model": "admin.logentry", "pk": 8, "fields": {"action_time": "2025-06-17T09:15:40.265Z", "user": 1, "content_type": 2, "object_id": "3", "object_repr": "Wooden Coffee Table", "action_flag": 1, "change_message": "[{\"added\": {}}]"}}, {"model": "admin.logentry", "pk": 9, "fields": {"action_time": "2025-06-19T09:39:22.630Z", "user": 1, "content_type": 2, "object_id": "3", "object_repr": "Wooden Coffee Table", "action_flag": 2, "change_message": "[{\"changed\": {\"fields\": [\"Seller\"]}}]"}}, {"model": "admin.logentry", "pk": 10, "fields": {"action_time": "2025-06-22T11:45:16.950Z", "user": 1, "content_type": 13, "object_id": "11", "object_repr": "Order #11 by rohit", "action_flag": 3, "change_message": ""}}, {"model": "admin.logentry", "pk": 11, "fields": {"action_time": "2025-06-22T11:45:16.950Z", "user": 1, "content_type": 13, "object_id": "10", "object_repr": "Order #10 by omkar", "action_flag": 3, "change_message": ""}}, {"model": "admin.logentry", "pk": 12, "fields": {"action_time": "2025-06-22T11:45:16.950Z", "user": 1, "content_type": 13, "object_id": "9", "object_repr": "Order #9 by omkar", "action_flag": 3, "change_message": ""}}, {"model": "admin.logentry", "pk": 13, "fields": {"action_time": "2025-06-22T11:45:16.950Z", "user": 1, "content_type": 13, "object_id": "8", "object_repr": "Order #8 by omkar", "action_flag": 3, "change_message": ""}}, {"model": "admin.logentry", "pk": 14, "fields": {"action_time": "2025-06-22T11:45:16.950Z", "user": 1, "content_type": 13, "object_id": "7", "object_repr": "Order #7 by omkar", "action_flag": 3, "change_message": ""}}, {"model": "admin.logentry", "pk": 15, "fields": {"action_time": "2025-06-22T11:45:16.950Z", "user": 1, "content_type": 13, "object_id": "6", "object_repr": "Order #6 by omkar", "action_flag": 3, "change_message": ""}}, {"model": "admin.logentry", "pk": 16, "fields": {"action_time": "2025-06-22T11:45:16.950Z", "user": 1, "content_type": 13, "object_id": "5", "object_repr": "Order #5 by omkar", "action_flag": 3, "change_message": ""}}, {"model": "admin.logentry", "pk": 17, "fields": {"action_time": "2025-06-22T11:45:16.950Z", "user": 1, "content_type": 13, "object_id": "4", "object_repr": "Order #4 by rohit", "action_flag": 3, "change_message": ""}}, {"model": "admin.logentry", "pk": 18, "fields": {"action_time": "2025-06-22T11:45:16.950Z", "user": 1, "content_type": 13, "object_id": "3", "object_repr": "Order #3 by omkar", "action_flag": 3, "change_message": ""}}, {"model": "admin.logentry", "pk": 19, "fields": {"action_time": "2025-06-22T11:45:16.950Z", "user": 1, "content_type": 13, "object_id": "2", "object_repr": "Order #2 by omkars", "action_flag": 3, "change_message": ""}}, {"model": "admin.logentry", "pk": 20, "fields": {"action_time": "2025-06-22T11:45:16.950Z", "user": 1, "content_type": 13, "object_id": "1", "object_repr": "Order #1 by omkars", "action_flag": 3, "change_message": ""}}, {"model": "admin.logentry", "pk": 21, "fields": {"action_time": "2025-06-22T11:46:12.843Z", "user": 1, "content_type": 2, "object_id": "3", "object_repr": "Wooden Coffee Table", "action_flag": 3, "change_message": ""}}, {"model": "admin.logentry", "pk": 22, "fields": {"action_time": "2025-06-22T11:46:33.417Z", "user": 1, "content_type": 2, "object_id": "2", "object_repr": "Oversized T-Shirt", "action_flag": 3, "change_message": ""}}, {"model": "admin.logentry", "pk": 23, "fields": {"action_time": "2025-06-22T11:46:52.572Z", "user": 1, "content_type": 1, "object_id": "1", "object_repr": "Clothing", "action_flag": 3, "change_message": ""}}, {"model": "admin.logentry", "pk": 24, "fields": {"action_time": "2025-06-22T11:47:25.962Z", "user": 1, "content_type": 1, "object_id": "5", "object_repr": "Home & Living", "action_flag": 3, "change_message": ""}}, {"model": "sessions.session", "pk": "55vhr20jm59f70omv6fjjf07ct77svm4", "fields": {"session_data": ".eJxVjEEOwiAQRe_C2hBgKIJL9z0DGZhRqgaS0q6Md7dNutDte-__t4i4LiWunec4kbgIEKdfljA_ue6CHljvTeZWl3lKck_kYbscG_HrerR_BwV72dbIKavAxhkPCJwBNzIkxY5AM9oUvFNBDxqBbgG0te5ss05I5DwZIz5fAyA4Sw:1uSYWp:uvhwzLxgSjzVQLM9fUWB8cbnKusv9ocvoOY0DyVOub8", "expire_date": "2025-07-04T09:59:23.369Z"}}, {"model": "sessions.session", "pk": "fiqt7f00zwiq337db2m9tl61nuok7r2c", "fields": {"session_data": ".eJxVjDsOwjAQBe_iGln-Zm1K-pzB8u4aHECOFCcV4u4QKQW0b2beS6S8rTVtvSxpYnEWWpx-N8z0KG0HfM_tNkua27pMKHdFHrTLcebyvBzu30HNvX5rFwI6zYqhxFAiXkkTBpctESKDJ6vIBu8doB6CyWwHMGABlYqAZMT7A_NEN9M:1uSBjY:0xtihamgjlDSvBeo5QKCTqDFSSxnxdWlnxm02drIw2g", "expire_date": "2025-07-03T09:39:00.967Z"}}, {"model": "sessions.session", "pk": "qx0lz59dl03fzqpepfsa3e8ph294o185", "fields": {"session_data": ".eJxVjDsOAiEUAO9CbQhfeVjaewbygIesGkiW3cp4d0OyhbYzk3mzgPtWwz5oDUtmF2bZ6ZdFTE9qU-QHtnvnqbdtXSKfCT_s4Lee6XU92r9BxVHnVngDDpIw3pJRtmjtEVCAJimcgphsMlInkODPJQOh9OByLFKSVwXY5wuxLDcF:1uTK36:-DUiXmvVQTWzHPRtkyIoFovYnuFm_bTSdZFX2uINlAg", "expire_date": "2025-07-06T12:43:52.879Z"}}, {"model": "sessions.session", "pk": "rhu1mjjtdul7ans6t39qzc25bszt4cif", "fields": {"session_data": ".eJxVjDsOwjAQBe_iGln-Zm1K-pzB8u4aHECOFCcV4u4QKQW0b2beS6S8rTVtvSxpYnEWWpx-N8z0KG0HfM_tNkua27pMKHdFHrTLcebyvBzu30HNvX5rFwI6zYqhxFAiXkkTBpctESKDJ6vIBu8doB6CyWwHMGABlYqAZMT7A_NEN9M:1uSdm1:kDLOteCqOd34o1Lu0vh1sFS2GPOznqC-oLMX55d6tpg", "expire_date": "2025-07-04T15:35:25.838Z"}}]
